Year,Predicted Sales
2025,117.39173696353521
2026,117.44617126526114
2027,117.50060556698708
2028,117.55503986871301
2029,117.60947417043893
2030,117.66390847216486
